{"nres": 6, "center_wavelength": 1.55, "name": null, "path": "runs/ring", "keys": ["o2@0,o1@0", "o3@0,o1@0"], "show_field": "Hz", "dx": null, "dy": null, "dz": null, "z": null, "T": 500, "field_decay_threshold": 0.001, "path_length_multiple": null, "saveat": 5, "verbose": true, "field_slices": null, "geometry_slices": null, "boundaries": ["PML", "PML", "PML"], "approx_2D_mode": null, "relpml": [1, 1, 0.2], "relcourant": 0.8, "hasmetal": null, "ordering": "wavelength", "modes": [], "class": "pic", "dtype": "<class 'numpy.float32'>", "timestamp": "2025-05-27T02-06-22", "magic": "", "gpu_backend": null, "ports": {"o1": {"center": [0.0, 0.0], "normal": [-1.0, 1.2246467991473532e-16], "tangent": [-1.2246467991473532e-16, -1.0], "width": 0.4, "frame": [[-1.2246467991473532e-16, -1.0, 0.0], [0, 0, 1], [-1.0, 1.2246467991473532e-16, 0]]}, "o2": {"center": [6.6000000000000005, 0.0], "normal": [1.0, 0.0], "tangent": [-0.0, 1.0], "width": 0.4, "frame": [[0.0, 1.0, 0.0], [0, 0, 1], [1.0, 0.0, 0]]}, "o3": {"center": [0.0, 7.2], "normal": [-1.0, 1.2246467991473532e-16], "tangent": [-1.2246467991473532e-16, -1.0], "width": 0.4, "frame": [[-1.2246467991473532e-16, -1.0, 0.0], [0, 0, 1], [-1.0, 1.2246467991473532e-16, 0]]}}, "layer_stack": {"core": {"layer": [1, 0], "zmin": 0.0, "thickness": 0.18, "mesh_order": 1}, "clad": {"layer": [0, 0], "zmin": 0.18, "thickness": 5.0, "mesh_order": 2}, "sub": {"layer": [0, 0], "zmin": -5.0, "thickness": 5.0, "mesh_order": 3}}, "study": "sparams", "materials": {"air": {"epsilon": 1.0}, "cSi": {"epsilon": 12.082576}, "SiO2": {"epsilon": 2.085136}, "SiN": {"epsilon": 4.0}, "Ge": {"epsilon": 16.0}, "Si": {"epsilon": 12.082576}, "FR4": {"epsilon": 4.3}, "PEC": {"epsilon": -1000000.0}, "design": {}, "csi": {"epsilon": 12.082576}, "sio2": {"epsilon": 2.085136}, "sin": {"epsilon": 4.0}, "ge": {"epsilon": 16.0}, "si": {"epsilon": 12.082576}, "fr4": {"epsilon": 4.3}, "pec": {"epsilon": -1000000.0}}, "N": 3, "runs": [{"sources": {"o1": {"wavelength_mode_numbers": [[[1.5, 1.5005, 1.501, 1.5015, 1.502, 1.5025, 1.5030000000000001, 1.5035, 1.504, 1.5045, 1.505, 1.5055, 1.506, 1.5065, 1.5070000000000001, 1.5075, 1.508, 1.5085, 1.509, 1.5095, 1.51, 1.5105, 1.5110000000000001, 1.5115, 1.512, 1.5125, 1.513, 1.5135, 1.514, 1.5145, 1.5150000000000001, 1.5155, 1.516, 1.5165, 1.517, 1.5175, 1.518, 1.5185, 1.5190000000000001, 1.5195, 1.52, 1.5205, 1.521, 1.5215, 1.522, 1.5225, 1.5230000000000001, 1.5235, 1.524, 1.5245, 1.525, 1.5255, 1.526, 1.5265, 1.5270000000000001, 1.5275, 1.528, 1.5285, 1.529, 1.5295, 1.53, 1.5305, 1.5310000000000001, 1.5315, 1.532, 1.5325, 1.533, 1.5335, 1.534, 1.5345, 1.5350000000000001, 1.5355, 1.536, 1.5365, 1.537, 1.5375, 1.538, 1.5385, 1.5390000000000001, 1.5395, 1.54, 1.5405, 1.541, 1.5415, 1.542, 1.5425, 1.5430000000000001, 1.5435, 1.544, 1.5445, 1.545, 1.5455, 1.546, 1.5465, 1.5470000000000002, 1.5475, 1.548, 1.5485, 1.549, 1.5495, 1.55, 1.5505, 1.5510000000000002, 1.5515, 1.552, 1.5525, 1.553, 1.5535, 1.554, 1.5545, 1.5550000000000002, 1.5555, 1.556, 1.5565, 1.557, 1.5575, 1.558, 1.5585, 1.5590000000000002, 1.5595, 1.56, 1.5605, 1.561, 1.5615, 1.562, 1.5625, 1.5630000000000002, 1.5635000000000001, 1.564, 1.5645, 1.565, 1.5655000000000001, 1.566, 1.5665, 1.5670000000000002, 1.5675000000000001, 1.568, 1.5685, 1.569, 1.5695000000000001, 1.57, 1.5705, 1.5710000000000002, 1.5715000000000001, 1.572, 1.5725, 1.573, 1.5735000000000001, 1.574, 1.5745, 1.5750000000000002, 1.5755000000000001, 1.576, 1.5765, 1.577, 1.5775000000000001, 1.578, 1.5785, 1.5790000000000002, 1.5795000000000001, 1.58, 1.5805, 1.581, 1.5815000000000001, 1.582, 1.5825, 1.5830000000000002, 1.5835000000000001, 1.584, 1.5845, 1.585, 1.5855000000000001, 1.586, 1.5865, 1.5870000000000002, 1.5875000000000001, 1.588, 1.5885, 1.589, 1.5895000000000001, 1.59, 1.5905, 1.5910000000000002, 1.5915000000000001, 1.592, 1.5925, 1.593, 1.5935000000000001, 1.594, 1.5945, 1.5950000000000002, 1.5955000000000001, 1.596, 1.5965, 1.597, 1.5975000000000001, 1.598, 1.5985, 1.5990000000000002, 1.5995000000000001, 1.6], [0]]], "center": [-2.0, 2.4492935982947064e-16, 0.08999999999999997], "frame": [[-1.2246467991473532e-16, -1.0, 0.0], [0, 0, 1], [-1.0, 1.2246467991473532e-16, 0]], "start": [-0.8, -0.69], "stop": [0.8, 0.69]}}, "monitors": {"o1": {"wavelength_mode_numbers": [[[1.5, 1.5005, 1.501, 1.5015, 1.502, 1.5025, 1.5030000000000001, 1.5035, 1.504, 1.5045, 1.505, 1.5055, 1.506, 1.5065, 1.5070000000000001, 1.5075, 1.508, 1.5085, 1.509, 1.5095, 1.51, 1.5105, 1.5110000000000001, 1.5115, 1.512, 1.5125, 1.513, 1.5135, 1.514, 1.5145, 1.5150000000000001, 1.5155, 1.516, 1.5165, 1.517, 1.5175, 1.518, 1.5185, 1.5190000000000001, 1.5195, 1.52, 1.5205, 1.521, 1.5215, 1.522, 1.5225, 1.5230000000000001, 1.5235, 1.524, 1.5245, 1.525, 1.5255, 1.526, 1.5265, 1.5270000000000001, 1.5275, 1.528, 1.5285, 1.529, 1.5295, 1.53, 1.5305, 1.5310000000000001, 1.5315, 1.532, 1.5325, 1.533, 1.5335, 1.534, 1.5345, 1.5350000000000001, 1.5355, 1.536, 1.5365, 1.537, 1.5375, 1.538, 1.5385, 1.5390000000000001, 1.5395, 1.54, 1.5405, 1.541, 1.5415, 1.542, 1.5425, 1.5430000000000001, 1.5435, 1.544, 1.5445, 1.545, 1.5455, 1.546, 1.5465, 1.5470000000000002, 1.5475, 1.548, 1.5485, 1.549, 1.5495, 1.55, 1.5505, 1.5510000000000002, 1.5515, 1.552, 1.5525, 1.553, 1.5535, 1.554, 1.5545, 1.5550000000000002, 1.5555, 1.556, 1.5565, 1.557, 1.5575, 1.558, 1.5585, 1.5590000000000002, 1.5595, 1.56, 1.5605, 1.561, 1.5615, 1.562, 1.5625, 1.5630000000000002, 1.5635000000000001, 1.564, 1.5645, 1.565, 1.5655000000000001, 1.566, 1.5665, 1.5670000000000002, 1.5675000000000001, 1.568, 1.5685, 1.569, 1.5695000000000001, 1.57, 1.5705, 1.5710000000000002, 1.5715000000000001, 1.572, 1.5725, 1.573, 1.5735000000000001, 1.574, 1.5745, 1.5750000000000002, 1.5755000000000001, 1.576, 1.5765, 1.577, 1.5775000000000001, 1.578, 1.5785, 1.5790000000000002, 1.5795000000000001, 1.58, 1.5805, 1.581, 1.5815000000000001, 1.582, 1.5825, 1.5830000000000002, 1.5835000000000001, 1.584, 1.5845, 1.585, 1.5855000000000001, 1.586, 1.5865, 1.5870000000000002, 1.5875000000000001, 1.588, 1.5885, 1.589, 1.5895000000000001, 1.59, 1.5905, 1.5910000000000002, 1.5915000000000001, 1.592, 1.5925, 1.593, 1.5935000000000001, 1.594, 1.5945, 1.5950000000000002, 1.5955000000000001, 1.596, 1.5965, 1.597, 1.5975000000000001, 1.598, 1.5985, 1.5990000000000002, 1.5995000000000001, 1.6], [0]]], "center": [0.0, 0.0, 0.08999999999999997], "frame": [[-1.2246467991473532e-16, -1.0, 0.0], [0, 0, 1], [-1.0, 1.2246467991473532e-16, 0]], "start": [-0.8, -0.69], "stop": [0.8, 0.69]},