{"nres": 5, "center_wavelength": 1.55, "name": null, "path": "runs/cross", "keys": ["o2@0,o1@0", "o3@0,o1@0", "o4@0,o1@0"], "show_field": "Hz", "dx": null, "dy": null, "dz": null, "z": null, "T": null, "field_decay_threshold": null, "path_length_multiple": 0.85, "saveat": 10, "verbose": true, "field_slices": null, "geometry_slices": null, "boundaries": ["PML", "PML"], "approx_2D_mode": "TE", "relpml": 1, "relcourant": 0.9, "hasmetal": null, "ordering": "wavelength", "modes": [], "class": "pic", "dtype": "<class 'numpy.float32'>", "timestamp": "2025-06-01T11-55-32", "magic": "", "gpu_backend": null, "ports": {"o1": {"center": [-1.0, 1.75], "normal": [-1.0, 1.2246467991473532e-16], "tangent": [-1.2246467991473532e-16, -1.0], "width": 0.5, "frame": [[-1.2246467991473532e-16, -1.0, 0.0], [0, 0, 1], [-1.0, 1.2246467991473532e-16, 0]]}, "o2": {"center": [1.75, 4.5], "normal": [6.123233995736766e-17, 1.0], "tangent": [-1.0, 6.123233995736766e-17], "width": 0.5, "frame": [[-1.0, 6.123233995736766e-17, 0.0], [0, 0, 1], [6.123233995736766e-17, 1.0, 0]]}, "o3": {"center": [4.5, 1.75], "normal": [1.0, 0.0], "tangent": [-0.0, 1.0], "width": 0.5, "frame": [[0.0, 1.0, 0.0], [0, 0, 1], [1.0, 0.0, 0]]}, "o4": {"center": [1.75, -1.0], "normal": [-1.8369701987210297e-16, -1.0], "tangent": [1.0, -1.8369701987210297e-16], "width": 0.5, "frame": [[1.0, -1.8369701987210297e-16, 0.0], [0, 0, 1], [-1.8369701987210297e-16, -1.0, 0]]}}, "layer_stack": {"design": {"layer": [1000, 0], "zmin": 0.0, "thickness": 0.22, "mesh_order": 0}, "core": {"layer": [1, 0], "zmin": 0.0, "thickness": 0.22, "mesh_order": 1}, "clad": {"layer": [111, 0], "zmin": -5.0, "thickness": 10.0, "mesh_order": 2}}, "study": "inverse_design", "materials": {"air": {"epsilon": 1.0}, "cSi": {"epsilon": 12.082576}, "SiO2": {"epsilon": 2.085136}, "SiN": {"epsilon": 4.0}, "Ge": {"epsilon": 16.0}, "Si": {"epsilon": 12.082576}, "FR4": {"epsilon": 4.3}, "PEC": {"epsilon": -1000000.0}, "design": {"relative_mesh_density": 3.476}, "csi": {"epsilon": 12.082576}, "sio2": {"epsilon": 2.085136}, "sin": {"epsilon": 4.0}, "ge": {"epsilon": 16.0}, "si": {"epsilon": 12.082576}, "fr4": {"epsilon": 4.3}, "pec": {"epsilon": -1000000.0}}, "N": 2, "runs": [{"sources": {"o1": {"wavelength_mode_numbers": [[[1.5], [0]], [[1.55], [0]], [[1.6], [0]]], "center": [-3.0, 1.7500000000000002, 0.10999999999999999], "frame": [[-1.2246467991473532e-16, -1.0, 0.0], [0, 0, 1], [-1.0, 1.2246467991473532e-16, 0]], "start": [-0.8500000000000001, -0.77], "stop": [0.8500000000000001, 0.77]}}, "monitors": {"o1": {"wavelength_mode_numbers": [[[1.5], [0]], [[1.55], [0]], [[1.6], [0]]], "center": [-1.0, 1.75, 0.10999999999999999], "frame": [[-1.2246467991473532e-16, -1.0, 0.0], [0, 0, 1], [-1.0, 1.2246467991473532e-16, 0]], "start": [-0.8500000000000001, -0.77], "stop": [0.8500000000000001, 0.77]}, "o2": {"wavelength_mode_numbers": [[[1.5], [0]], [[1.55], [0]], [[1.6], [0]]], "center": [1.75, 4.5, 0.10999999999999999], "frame": [[-1.0, 6.123233995736766e-17, 0.0], [0, 0, 1], [6.123233995736766e-17, 1.0, 0]], "start": [-0.8500000000000001, -0.77], "stop": [0.8500000000000001, 0.77]}, "o3": {"wavelength_mode_numbers": [[[1.5], [0]], [[1.55], [0]], [[1.6], [0]]], "center": [4.5, 1.75, 0.10999999999999999], "frame": [[0.0, 1.0, 0.0], [0, 0, 1], [1.0, 0.0, 0]], "start": [-0.8500000000000001, -0.77], "stop": [0.8500000000000001, 0.77]}, "o4": {"wavelength_mode_numbers": [[[1.5], [0]], [[1.55], [0]], [[1.6], [0]]], "center": [1.75, -1.0, 0.10999999999999999], "frame": [[1.0, -1.8369701987210297e-16, 0.0], [0, 0, 1], [-1.8369701987210297e-16, -1.0, 0]], "start": [-0.8500000000000001, -0.77], "stop": [0.8500000000000001, 0.77]}}}], "bbox": [[-3.2, -1.0, -0.66], [4.7, 4.5, 0.88]], "wavelengths": [[1.5], [1.55], [1.6]], "targets": [{"type": "T", "key": "o3@0,o1@0", "wavelength": 1.5, "value": 1.0, "weight": 0.3333333333333333}, {"type": "T", "key": "o3@0,o1@0", "wavelength": 1.55, "value": 1.0, "weight": 0.3333333333333333}, {"type": "T", "key": "o3@0,o1@0", "wavelength": 1.6, "value": 1.0, "weight": 0.3333333333333333}, {"type": "T", "key": "o2@0,o1@0", "wavelength": 1.5, "value": 0, "weight": 0.3333333333333333}, {"type": "T", "key": "o2@0,o1@0", "wavelength": 1.55, "value": 0, "weight": 0.3333333333333333}, {"type": "T", "key": "o2@0,o1@0", "wavelength": 1.6, "value": 0, "weight": 0.3333333333333333}, {"type": "T", "key": "o4@0,o1@0", "wavelength": 1.5, "value": 0, "weight": 0.3333333333333333}, {"type": "T", "key": "o4@0,o1@0", "wavelength": 1.55, "value": 0, "weight": 0.3333333333333333}, {"type": "T", "key": "o4@0,o1@0", "wavelength": 1.6, "value": 0, "weight": 0.3333333333333333}], "designs": [{"swaps": {"epsilon": [2.085136, 12.082576]}, "bbox": [[0.0, 0.0], [3.5, 3.5]], "symmetries": ["x", "y"]}], "init_holes": false, "iters": 50, "lmin": 0.2, "stoploss": 0.05}