{"eps":[[2.085136,2.085136,2.085136,2.085136,2.085136,2.085136,2.085136,2.085136,2.085136,2.085136,2.085136,2.085136,12.082576,12.082576,12.082576,12.082576,12.082576,12.082576,12.082576,12.082576,12.082576,12.082576,12.082576,2.085136,2.085136,2.085136,2.085136,2.085136,2.085136,2.085136,2.085136,2.085136,2.085136,2.085136,2.085136],[2.085136,2.085136,2.085136,2.085136,2.085136,2.085136,2.085136,2.085136,2.085136,2.085136,2.085136,2.085136,12.082576,12.082576,12.082576,12.082576,12.082576,12.082576,12.082576,12.082576,12.082576,12.082576,12.082576,2.085136,2.085136,2.085136,2.085136,2.085136,2.085136,2.085136,2.085136,2.085136,2.085136,2.085136,2.085136],[2.085136,2.085136,2.085136,2.085136,2.085136,2.085136,2.085136,2.085136,2.085136,2.085136,2.085136,2.085136,12.082576,12.082576,12.082576,12.082576,12.082576,12.082576,12.082576,12.082576,12.082576,12.082576,12.082576,2.085136,2.085136,2.085136,2.085136,2.085136,2.085136,2.085136,2.085136,2.085136,2.085136,2.085136,2.085136],[2.085136,2.085136,2.085136,2.085136,2.085136,2.085136,2.085136,2.085136,2.085136,2.085136,2.085136,2.085136,12.082576,12.082576,12.082576,12.082576,12.082576,12.082576,12.082576,12.082576,12.082576,12.082576,12.082576,2.085136,2.085136,2.085136,2.085136,2.085136,2.085136,2.085136,2.085136,2.085136,2.085136,2.085136,2.085136]],"neigs":1,"name":1.267,"dl":0.028188765,"is2d":true,"center_wavelength":1.2666667}