{"eps":[[2.085136,2.085136,2.085136,2.085136,2.085136,2.085136,2.085136,2.085136,2.085136,2.085136,2.085136,2.085136,2.085136,12.082576,12.082576,12.082576,12.082576,12.082576,12.082576,12.082576,12.082576,12.082576,12.082576,12.082576,12.082576,12.082576,12.082576,2.085136,2.085136,2.085136,2.085136,2.085136,2.085136,2.085136,2.085136,2.085136,2.085136,2.085136,2.085136,2.085136],[2.085136,2.085136,2.085136,2.085136,2.085136,2.085136,2.085136,2.085136,2.085136,2.085136,2.085136,2.085136,2.085136,12.082576,12.082576,12.082576,12.082576,12.082576,12.082576,12.082576,12.082576,12.082576,12.082576,12.082576,12.082576,12.082576,12.082576,2.085136,2.085136,2.085136,2.085136,2.085136,2.085136,2.085136,2.085136,2.085136,2.085136,2.085136,2.085136,2.085136],[2.085136,2.085136,2.085136,2.085136,2.085136,2.085136,2.085136,2.085136,2.085136,2.085136,2.085136,2.085136,2.085136,12.082576,12.082576,12.082576,12.082576,12.082576,12.082576,12.082576,12.082576,12.082576,12.082576,12.082576,12.082576,12.082576,12.082576,2.085136,2.085136,2.085136,2.085136,2.085136,2.085136,2.085136,2.085136,2.085136,2.085136,2.085136,2.085136,2.085136],[2.085136,2.085136,2.085136,2.085136,2.085136,2.085136,2.085136,2.085136,2.085136,2.085136,2.085136,2.085136,2.085136,12.082576,12.082576,12.082576,12.082576,12.082576,12.082576,12.082576,12.082576,12.082576,12.082576,12.082576,12.082576,12.082576,12.082576,2.085136,2.085136,2.085136,2.085136,2.085136,2.085136,2.085136,2.085136,2.085136,2.085136,2.085136,2.085136,2.085136]],"neigs":1,"name":1.0,"dl":0.023647204,"is2d":true,"center_wavelength":1.0}